name,query,province,region,forest_type
Fageda d'en Jordà,Fageda d'en Jordà,Girona,Garrotxa,hayedo
Fageda de Santa Fe,Santa Fe del Montseny,Barcelona,Vallès Oriental,hayedo
Fageda del Coll de Bordoriol,Coll de Bordoriol,Girona,Osona,hayedo
Fageda de la Grevolosa,Fageda de la Grevolosa,Barcelona,Osona,hayedo
Serra de Busa,Serra de Busa,Lleida,Solsonès,pinar
Rasos de Peguera,Rasos de Peguera,Barcelona,Berguedà,pinar
Bosc de Poblet,Bosc de Poblet,Tarragona,Conca de Barberà,robledal
Bosc de Baricauba,Baricauba,Lleida,Val d'Aran,hayedo
Bosc de Gerdar,Bosc de Gerdar,Lleida,Pallars Sobirà,mixto
